wiki_link,original_title,story
https://en.wikipedia.org/wiki/Uri:_The_Surgical_Strike,Uri: The Surgical Strike,Divided over five chapters  the film chronicles the events of the surgical strike conducted by the Indian military against suspected militants in Pakistan occupied Kashmir. It tells the story of the 11 tumultuous events over which the operation was carried out. Indian army special forces carry out a covert operation to avenge the killing of fellow army men at their base by a terrorist group.
https://en.wikipedia.org/wiki/Gully_Boy,Gully Boy,"Gully Boy is a film about a 22-year-old boy ""Murad"" from a ghetto in Mumbai  India. The son of a driver  his parents worked hard to get him educated so that he could have a white collar job. Meanwhile  Murad realizes his calling to be a rapper. Authentic Hip Hop in India is a recent phenomenon and like anywhere else in the world  is rising from the streets. Art is a distant dream for the colonized poor of India and this story is about Murad's journey from realizing his love for rap and chasing his dream to inadvertently transcending his class. The film showcases street rap from the crevices of Mumbai's by lanes. The poetry is conscious of the city's socio-economic fabric and highlights the challenges faced by the disenfranchised youth in the minority population."
https://en.wikipedia.org/wiki/Kabir_Singh,Kabir Singh,This Sandeep Vanga directorial is a remake of the 2017 Telugu movie Arjun Reddy. The plot revolves around an alcoholic surgeon battling temper issues. Things get worse as he watches the love of his life marry another man. High on emotions coupled with impressive action the film promises an intense watch.
https://en.wikipedia.org/wiki/Dil_Bechara,Dil Bechara,A love story about two cancer patients.
https://en.wikipedia.org/wiki/Padmaavat,Padmaavat,This fictional story is set in 13th century medieval India. a Princess of Sinhala(modern-day Sri Lanka) called Padmavati falls in love with already married Maharawal Ratan Singh  King of Chittor. Upon their marriage  Padmavati is crowned queen  taking the place of wife of Ratan Singh and they reside together in joy and splendor. Their perfect life takes an unfortunate turn when a banished royal priest Chetan convinces Sultan of Delhi Allauddin Khilji to attack Chittor and capture Padmavati for her beauty and luck she could bring him. Sultan Allaudin Khilji  convinced by the priest and driven by desire of ultimate power  prepares to attack Chittorgarh.
https://en.wikipedia.org/wiki/Raazi,Raazi,Hidayat Khan is the son of an Indian freedom fighter and agent posing as an informant for the Pakistani government. He wishes to make his 20-year-old daughter Sehmat an agent and continue the family tradition of being in service to the country. Sehmat leaves college. She is hastily trained by senior RAW officer Khalid Mir. Her father uses his friendship with Brigadier Syed of the Pakistan Army to get Sehmat married to his son  Iqbal Syed  a military officer. Sehmat quickly settles into her married life  she falls in love with Iqbal. But everything starts to complicated.
https://en.wikipedia.org/wiki/Race_3,Race 3,Text: 25 years ago arms dealer Shamsher Singh shifted to Al Shifa island with his family .When he was accused of doing illegal business of arms by government of India.He has a business rival Rana who has attacked him many a times.But his nephew Sikander always came to his rescue who is also closest person to him and further who can take over his business.Twins Sanjana and Suraj kids of Shamsher don't go well with Sikander.Shamesher has a dream to go back to India and Sikander is his only hope.Apart from twin cousin's Sikander will have to face betrayal from trusted aide Yash and Jessica his loves who is not who she claims to be.
https://en.wikipedia.org/wiki/Sanju,Sanju,"Few lives in our times are as dramatic and enigmatic as the saga of Sanjay Dutt. Coming from a family of cinema legends  he himself became a film star  and then saw dizzying heights and darkest depths: adulation of die-hard fans  unending battles with various addictions  brushes with the underworld  prison terms  loss of loved ones  and the haunting speculation that he might or might not be a terrorist. Sanju is in turns a hilarious and heartbreaking exploration of one man's battle against his own wild self and the formidable external forces trying to crush him. It depicts the journey of a man through everything that life can throw at him. Some true stories leave you thinking ""did this really happen?"" This is one such unbelievable story that happens to be true."
https://en.wikipedia.org/wiki/Stree_(2018_film),Stree,Chanderi village is haunted for years by a witch whose called as Stree. She abducts men in dark leaving their clothes behind during the four day annual festival. Vicky young and handsome village tailor disbelief's these stories. He meets an Unnamed women whose in the village every year during the festival. Vicky and the women start getting close to each other. But his friends Jaana and Bitu get suspicious that till date only Vicky has seen the women and believe that she could be Stree.
https://en.wikipedia.org/wiki/Andhadhun,Andhadhun,Akash a blind pianist is preparing for a London concert.Sophie's scooter bumps into Akash and upon finding he a pianist she takes him to her restaurant Franco's run by her father and offers him a job.Akash meets 70s actor Pramod Sinha at the restaurant who asks him to do a private concert of his songs at his residence to surprise his wife Simi. Next Day upon reaching his house a shocking surprise is waiting for Akash.
https://en.wikipedia.org/wiki/Badhaai_Ho,Badhaai Ho,Nakul a 25 year old in relationship with Renne and soon plan to marry .His father Jeetender Kaushik works for railways while mother Priyamvada is housewife whose always taunted by his grandmother.When Nakul finds that his mother is pregnant at the age when Nakul is about to marry he starts to avoid their parents  friends and society.
https://en.wikipedia.org/wiki/Zero_(2018_film),Zero,The story revolves around Bauua Singh (Shah Rukh Khan)  a vertically challenged man  who is full of charm and wit  with a pinch of arrogance. Born to a wealthy family and raised in an environment of affluence and indulgence  Bauua was never failed by Meerut or its people. But when he meets two women (Katrina Kaif  Anushka Sharma)  his experiences with these women take him on a journey to complete his 'incompleteness' and broaden his horizons to find a purpose he never knew he had.
https://en.wikipedia.org/wiki/Kaabil,Kaabil,This is the story of a man who lived  laughed and loved just like everyone in this world. Until one day  a terrible tragedy struck. Driven by the fire of vengeance  nothing will stop him. Not even the fact that he has been blind since birth.
https://en.wikipedia.org/wiki/Raees_(film),Raees,The film is set in the early 80's and 90's in Gujarat. The fictitious story of a man who builds an empire in the state of Gujarat  the only state that still follows prohibition. It's a story about his rise and his relationships  which help him become the single most powerful man in the state.
https://en.wikipedia.org/wiki/Airlift_(film),Airlift,It is in this scenario that Ranjit Katyal (played by Akshay Kumar)  a wealthy and powerful Indian businessman  who has always seen himself as a Kuwaiti  rather than an Indian  realizes that he no longer wields any influence on the Iraqis  and that he and his family are in as much danger as anyone else. Ranjit unknowingly becomes the man who all 170 000 Indians look up to for getting them out safely from Kuwait. Airlift is the story of Indians stranded in Kuwait during this traumatic time. A story of how they  with the help of Ranjit Katyal  managed to survive the Iraqi invasion  and against all odds traveled a thousand kilometers across the border into Amman  Jordan. From Amman  170 000 Indians were brought home by the largest and the most successful evacuation ever attempted by any country  in the history of the world. Over 59 days  the Indian government systematically flew over 488 Air India commercial flights into a war zone to evacuate all 170 000 Indians and safely bring them ...
https://en.wikipedia.org/wiki/Kapoor_%26_Sons,Kapoor & Sons,A story revolving around a dysfunctional family of 2 brothers who visit their family and discover that their parents marriage is on the verge of collapse the family is undergoing a financial crunch and much more as the drama unfolds.
https://en.wikipedia.org/wiki/Fan_(film),Fan,Gaurav a boy from Delhi is a die hard fan of Bollywood superstar Aryan Khanna. He comes to Mumbai to wish his idol on his Birthday  but over there things got worst and Gaurav's obsession turned himself a man who wants to create chaos in Aryan Khanna's life.
https://en.wikipedia.org/wiki/Udta_Punjab,Udta Punjab,What on earth can a rock star  a migrant laborer  a doctor and a cop possibly have in common? Simple  Punjab! 4 lives  1 connection - 'Udta Punjab' takes you on a trip like never before. Shahid Kapoor  Kareena Kapoor  Alia Bhatt and Diljit Dosanjh play characters from different walks of life  fighting the menace of drugs in their own way. The film journeys into the artificial highs and the real lows that they face while treading the paths fraught with mortal dangers. But above all  Udta Punjab is about the famed Punjabi spirit  that despite being fully down  has the audacity of looking you in the eye and saying - Drugs di maa di!
https://en.wikipedia.org/wiki/Sultan_(2016_film),Sultan,Sultan is a story of Sultan Ali Khan - a local wrestling champion with the world at his feet as he dreams of representing India at the Olympics. It's a story of Aarfa - a feisty young girl from the same small town as Sultan with her own set of dreams. When the 2 local wrestling legends lock horns  romance blossoms and their dreams and aspirations become intertwined and aligned. However  the path to glory is a rocky one and one must fall several times before one stands victorious - More often than not  this journey can take a lifetime. Sultan is a classic underdog tale about a wrestler's journey  looking for a comeback by defeating all odds staked up against him. But when he has nothing to lose and everything to gain in this fight for his life match... Sultan must literally fight for his life. Sultan believes he's got what it takes... but this time  it's going to take everything he's got.
https://en.wikipedia.org/wiki/Rustom_(film),Rustom,Naval officer Rustom Pavri returns from his posting and finds his wife Cynthia is away from home since last two days his marriages is on the rocks when he finds love letters in cupboard which indicates that Cynthia has found love in one of his friend Vikram Makhija an arrogant business tycoon  Rustom then issues a pistol from Naval Ship's Armory and shoots Vikram three times in his chest living him dead and surrender himself to senior inspector Vincent Lobo.
https://en.wikipedia.org/wiki/Pink_(2016_film),Pink,Deepak is a lawyer suffering from bipolar disorder who experiences frequent mood swings. One night  Rajveer and his friends get drunk and try to molest Miss Arora and her two roommates leading to an accident. The film revolves around how Deepak fights the girls' case against these influential boys.
https://en.wikipedia.org/wiki/M.S._Dhoni:_The_Untold_Story,M.S. Dhoni: The Untold Story,Mahendra Singh Dhoni is a goalkeeper in school football team.Bannerjee a school cricket coach asks him to join his cricket team and practice daily with him for two hours time passes and he becomes a big state level cricketer but for a long time his luck doesn't favor him to become a member of Indian Cricket team.Dhoni takes up a job in Indian Railways as a ticket checker and plays cricket for the railways after long wait of 4 years he gets selected in Indian Cricket team and turns to be one of the best cricketing captains in history of Indian Cricket.
https://en.wikipedia.org/wiki/Dear_Zindagi,Dear Zindagi,This is the story of Kaira  a budding cinematographer in search of perfect life. A chance encounter with Jug  an unconventional thinker  helps her gain new perspective about life. She discovers that happiness is all about finding comfort in life's imperfections.
https://en.wikipedia.org/wiki/Dangal_(film),Dangal,Biopic of Mahavir Singh Phogat  who taught wrestling to his daughters Babita Kumari and Geeta Phogat. Geeta Phogat was India's first female wrestler to win at the 2010 Commonwealth Games  where she won the gold medal (55 kg) while her sister Babita Kumari won the silver (51 kg).
https://en.wikipedia.org/wiki/Tanu_Weds_Manu:_Returns,Tanu Weds Manu Returns,Tanu and Manu's marriage collapses. What happens when Manu meets Tanu's lookalike Kusum - and when Tanu returns?
https://en.wikipedia.org/wiki/Tanu_Weds_Manu_Returns,Tanu Weds Manu Returns,Tanu and Manu's marriage collapses. What happens when Manu meets Tanu's lookalike Kusum - and when Tanu returns?
https://en.wikipedia.org/wiki/Dilwale_(2015_film),Dilwale,Raj is a Mafia member. One day he meet a girl (Meera) while chasing by his rival gang and falls in love with her. Later he finds out that this girl is the daughter of the leader of his rival gang. Yet their love story continues until he was shot by his girlfriend upon a deep misunderstanding. After that incident these two lovers lives separate until their siblings fallen in love. With this new love story their paths intertwines again.
https://en.wikipedia.org/wiki/Bajrangi_Bhaijaan,Bajrangi Bhaijaan,A little mute girl from a Pakistani village gets lost on her return back from a trip to India. In Kurukshetra  she meets Pawan - an ardent devotee of Lord Hanuman - who is in the midst of a challenge posed by his lover's father. In trying to discover the girl's parents  he develops an unshakable bond with her. He tries to get into Pakistan through a path righteous to his conscience and later  accompanied with a smart Pakistani news reporter - a story that captures the imagination of the public in both countries.
https://en.wikipedia.org/wiki/Bajirao_Mastani,Bajirao Mastani,"Bajirao 1  who fought over 41 major battles and many others  was reputed never to have lost a single one of them. Bajirao is described as ""RANMARD"" a man made of and for the battlefield. Bajirao said to his brother ""Remember that night has nothing to do with sleep. It was created by God  to raid territory held by your enemy. The night is your shield  your screen against the cannons and swords of vastly superior enemy forces. "" A born cavalry leader Bajirao was unequaled for the daring and originality of his genius. Mastani  the fabled warrior princess was the daughter of Raja Chattrasal and his Persian wife Roohani Begum. An expert dancer  singer and warrior  Mastani is sent to battle at the head of the Bundelkhand army. A chance meeting on a war field where they fight on the same side  puts Bajirao and Mastani on a course of passionate love- that is unstoppable by either of their families  by war or by death itself."
https://en.wikipedia.org/wiki/Baby_(2015_Hindi_film),Baby,The country is perpetually under threat from terrorist powers and the common man walks unaware of the threats and the attacks that our Government controls and prevents. While the common Indian fights for everyday issues  there are deeper and bigger threats to him and his family that he will never know exist because it is the men and women in uniform that safeguard them. The men and women who put country before self  the men and women who define our history because they give a damn! Ajay (played by Akshay Kumar) is one such officer who is part of an elite team chosen from amongst the best in the Forces to form a covert Counter Intelligence Unit. In the course of foiling one terrorist attack bid  Ajay discovers a major threat to our nation - a plan to cause damage and strike fear at the heart of our very existence. The plot is masterminded by a maniacal leader whose organization has its tentacles spread across the world. As days progress  the unit goes through escalating challenges with...
https://en.wikipedia.org/wiki/Gabbar_Is_Back,Gabbar is Back,Gabbar Singh Rajput (Akshay Kumar) creates his own vigilante military network called the Anti-Corruption Force (ACF) that eliminates the most corrupt individuals  from all walks of life  in a systematic manner. As pressure builds on Police and Government to track down the man who masterminds these killings  Balbir Singh (Sonu Sood) is specially summoned to head the task. He is aided by Suryam (Prakash Raj) who  though being just a constable in the mammoth Police force  is compelled by his instincts to see through the underlying design.
https://en.wikipedia.org/wiki/Gabbar_is_Back,Gabbar is Back,Gabbar Singh Rajput (Akshay Kumar) creates his own vigilante military network called the Anti-Corruption Force (ACF) that eliminates the most corrupt individuals  from all walks of life  in a systematic manner. As pressure builds on Police and Government to track down the man who masterminds these killings  Balbir Singh (Sonu Sood) is specially summoned to head the task. He is aided by Suryam (Prakash Raj) who  though being just a constable in the mammoth Police force  is compelled by his instincts to see through the underlying design.
https://en.wikipedia.org/wiki/Badlapur_(film),Badlapur,A young man (Raghu) wants revenge from the people who killed his wife and son in a bank robbery.There are two suspects in this case  one escapes with the money and the other gets caught by the cops and is sentenced 20 years in jail. Fifteen years later he is suffering from cancer and he has only a year to live  so he requests Raghu to forgive his rest of the sentenced and let him get out from the jail. Raghu accepts his apology only on one condition that he names his partner. So after 15 years will Raghu be able to find the other suspect who destroyed his life? Will he punish him and take his 15 years old revenge?
https://en.wikipedia.org/wiki/Piku,Piku,A quirky comedy about the relationship between a daughter and her aging father  whose eccentricities drive everyone crazy.
https://en.wikipedia.org/wiki/Drishyam(2015),Drishyam,Vijay Salgaonkar runs a cable TV network in a remote and hilly village of Goa. He lives a happy life with his wife Nandini and two daughters. A 4th grade dropout & an orphan  Vijay has worked his way towards success with his sheer hard-work & street smartness in order to provide for his family who mean the world to him. A man of few means & needs; Vijay believes life is to be lived simplistically - his wife  while she loves him devoutly  wants Vijay's thrifty & miserly behavior to end and wants the world for her family. If there's one thing that Vijay cannot live without  it is his passion for watching films. Such is his 'filmy' obsession that he doesn't mind staying up all night at his office binging on TV movies! In a bizarre turn of events; a teenage boy goes missing; he is the son of a headstrong & no-nonsense cop; IG Meera Deshmukh and the Salgaonkar family is the prime suspect! Will a humble & middle class man  be able to protect his family from oppression of the powerful? How ...
https://en.wikipedia.org/wiki/Talvar_(film),Talvar,The story revolves around the mysterious murder cases of a 14-year girl  Shruti and the domestic help  Khempal who worked at her place. The film is based on the real life Noida Double Murder Case of 2008  where the parents were said to be the prime suspects of the murders. The film showcases three perspectives to the case which emerge as the investigation moves forward.
https://en.wikipedia.org/wiki/Gunday,Gunday,Based in Calcutta during its most unsettled times in the 1970s  the film deals with the inseparable life of Bikram and Bala. The story of 2 boys  boys who became refugees. Refugees who became gun couriers. Gun couriers who became coal bandits  coal bandits who became Calcutta's most loved  most celebrated  most reckless  most fearless  Most Powerful! A story of two happy-go-lucky renegades who came to be known as... GUNDAY!
https://en.wikipedia.org/wiki/Highway_(2014_Hindi_film),Highway,A city girl - young  full of life - is on the highway at night with her fiancé. Suddenly  her life is swung away from the brocade and jewelry of marriage to the harsh brutality of abduction. Her life will never be the same again. The gang is in a panic; the girl is a big industrialist's daughter  his links in the corridors of power make ransom out of the question. But for the leader of this group sending her back is not an option. As the days pass by  the scenery changes  the girl feels that she has changed as well. Gradually  a strange bond begins to develop between the victim and the oppressor. It is in this captivity that she  for the first time  feels free.
https://en.wikipedia.org/wiki/Queen_(2014_film),Queen,Queen is a movie about growing up. Rani (Kangana Ranaut) is a Delhi girl from a conservative family who is ditched by her fiancé just before her wedding. Shocked by this  she decides to set out on the planned honeymoon alone. As she travels the world and meets new people  she gains new experiences and discovers her own identity.
https://en.wikipedia.org/wiki/2_States_(2014_film),2 States,A story about a romantic journey of a culturally opposite couple - Krish Malhotra and Ananya Swaminathan. They meet at the IIM-Ahmedabad College and during the program they fall in love. Complications arise after the program comes to an end and they decide to get married. Krish and Ananya belong to two different states of India. Krish  a North Indian Punjabi boy from Delhi  and Ananya  a Tamilian Brahmin from Chennai. They take a conscious decision; they won't get married until their parents agree. Everything goes downhill when the parents meet. There is a cultural clash and the parents oppose the wedding. To convert their love story into a love marriage  the couple faces a tough battle in front of them. For it is easy to fight and rebel  but much harder to convince. Will Krish and Ananya's love for each other sustain the battles? Will they manage to convince their parents and make it to their wedding?
https://en.wikipedia.org/wiki/Holiday_(2014_film),Holiday,Virat (Akshay Kumar) is among a battalion of military officers that comes to Mumbai on vacation. Virat is also a secret Defence Intelligence Agent who cannot lie low  much to the irritation of his friend and sub inspector. During a bus ride  an attempt to frisk passengers for a lost wallet leads Virat to something much bigger. Within minutes  the bus is blown into pieces and he helps cops nab the carrier of the bomb  who escapes from the hospital only to be caught by Virat again. Using tact  Virat follows one clue at a time hoping to track down the terrorist on whose orders the sleeper cell terrorists plan to cause mayhem in Mumbai.
https://en.wikipedia.org/wiki/Kick_(2014_Film),Kick,On a train journey in Warsaw  psychiatrist Shaina meets Himanshu  who is a police officer from India to discuss their prospective marriage. Both are reluctant to enter into an arranged union but become friends and strike a deep conversation where Shaina reveals her previous relationship with the eccentric Devi  a man who lived only for his 'Kick' aka an adrenaline rush . Despite his idiosyncrasies they embark on a whirlwind romance  until one day he breaks up with her for a new 'Kick' and walks away never to return. Himanshu in turn regales her with his glorious escapades as an officer but mentions that he has finally met his match  an intelligent thief. What they are both unaware of is that their stories have one thing in common  Devi. He returns to their lives under the pretext of having lost his memory. Behind it all  is a deeper mystery and an uncompromising mission for which Devi is ready to lose his life.
https://en.wikipedia.org/wiki/Haider_(film),Haider,Vishal Bhardwaj's adaptation of William Shakespeare's 'Hamlet'  Haider - a young man returns home to Kashmir on receiving news of his father's disappearance. Not only does he learn that security forces have detained his father for harboring militants  but that his mother is in a relationship with his very own uncle. Intense drama follows between mother and son as both struggle to come to terms with news of his father's death. Soon Haider learns that his uncle is responsible for the gruesome murder  what follows is his journey to avenge his father's death.
https://en.wikipedia.org/wiki/Bang_Bang!,Bang Bang,A chance encounter of the unassuming bank receptionist Harleen Sahni with the charming yet mysterious Rajveer Nanda  results in an on-rush of ditched planes  car chases  shoot-outs  bombing raids and general global mayhem. But as the transcontinental chase ensues with Rajveer convincing Harleen that he's the good guy  can she really trust him  and will trust matter when the bullets start flying?
https://en.wikipedia.org/wiki/Happy_New_Year_(2014_film),Happy New Year,A team of losers attempt to pull off mass revenge against a past traitor. They are required to win a dance competition as part of the plan  they get entangled with the presence of a somewhat unintelligent local dance performer who cannot learn the backstory of the betrayal.
https://en.wikipedia.org/wiki/PK_(film),PK,P. K. is a comedy of ideas about a stranger in the city  who asks questions that no one has asked before. They are innocent  child-like questions  but they bring about catastrophic answers. People who are set in their ways for generations  are forced to reappraise their world when they see it from PK's innocent eyes. In the process PK makes loyal friends and powerful foes. Mends broken lives and angers the establishment. P. K.'s childlike curiosity transforms into a spiritual odyssey for him and millions of others. The film is an ambitious and uniquely original exploration of complex philosophies. It is also a simple and humane tale of love  laughter and letting-go. Finally  it is a moving saga about a friendship between strangers from worlds apart.
https://en.wikipedia.org/wiki/Special_26,Special Chabbis,Based on real life incidents that occurred in India in 1987-88  the storyline revolves around a group of con artists who pulled off many clever robberies during 1980s  and robbed famous businessmen and politicians by pretending to be the CBI or Income tax officers and conducting raids. On the pretext of conducting raids they would take away all the black money hoarded by them.
https://en.wikipedia.org/wiki/Kai_Po_Che!,Kai po che!,The story goes around the three friends who start a business  also providing coaching classes and tuition. Omi asks for help with his uncle  who is also a political leader  to start this business. Govind provides tuition classes to some children and Ishaan gives cricket coaching. They come to meet a boy  Ali who is gifted with hyper-reflex. Ishaan then starts special coaching for the boy so that the country gets a new star player. But unexpected things happen suddenly and the story takes a turn.
https://en.wikipedia.org/wiki/Vishwaroop_(Hindi_film),Vishwaroopam,Vishwanathan  a Kathak dance teacher in New York  is in a rather happy marriage with Nirupama who is a nuclear oncologist. She hires a detective to keep a watch on her husband  who apparently ends up in a wrong place that reveals Vishwanathan's true identity.
https://en.wikipedia.org/wiki/Aashiqui_2,Aashiqui 2,Rahul is a singer  who loses his career due to his drinking habits. He meets Arohi in a bar in Goa  where she works to earn a living. Impressed by her singing  he promises her to take her to Mumbai and make her a star  where they fall in love with each other. Aashiqui 2 is a musical love story of these lovers who goes through love and hate  fame and failure in their lives. However will they stay together accepting their success  or will they breakup due to their ego?
https://en.wikipedia.org/wiki/Yeh_Jawaani_Hai_Deewani,Yeh Jawaani Hai Deewani,Yeh Jawaani Hai Deewani is the story of the relationship between two characters  Bunny (Ranbir Kapoor) & Naina (Deepika Padukone)  at two separate but defining times in their lives... first  when they are just out of college and standing on the crossroads of multiple decisions that will shape who and what they become... and then later on  in their late-twenties when they meet again  holding on to certain fulfilled and certain unfulfilled dreams  at a crossroads of another nature this time... how these two characters affect  change  befriend and eventually fall in love with each other is the journey the film aspires to take us on..
https://en.wikipedia.org/wiki/Raanjhanaa,Raanjhanaa,"The pundit's son Kundan (Dhanush) has fallen for the girl at first sight. That they're both kids makes us dismiss it as a meaningless crush. But a few years later  the boy is still in love with the girl  Zoya (Sonam Kapoor). When she's in school  he follows her around holding her hand and getting slapped in the process. Finally  she relents because of his ""consistency"". The film shifts cities when Zoya gets into JNU (Jawaharlal Nehru University)  and through her  we are introduced to the idealistic and political culture of the place. She discovers a long-lost strength as she confronts and then falls for student leader Akram (Abhay Deol). The film takes a turn when Zoya returns to her hometown after eight long years only to find some things changed  and others surprisingly the same."
https://en.wikipedia.org/wiki/Bhaag_Milkha_Bhaag,Bhaag Milkha Bhaag,"The true story of the ""Flying Sikh"" - world champion runner and Olympian Milkha Singh -- who overcame the massacre of his family  civil war during the India-Pakistan partition  and homelessness to become one of India's most iconic athletes."
https://en.wikipedia.org/wiki/Madras_Cafe,Madras Cafe,An Indian Intelligence agent (portrayed by John Abraham)[9] journeys into a war torn coastal island  to break a resolute rebel group. He deftly maneuvers his resources to make significant breakthroughs  amidst a scenario where the enemy has no face and the only counsel is 'Don't get caught.' At various junctions  he meets a charismatic and passionate journalist (portrayed by Nargis Fakhri) who is following her will to reflect the truth behind the civil war. The story unfolds as their quest for the truth reveals a deeper conspiracy  by a faceless enemy  united to seize a common nemesis - India.
https://en.wikipedia.org/wiki/Chennai_Express,Chennai Express,Rahul embarks on a journey to a small town in Tamil Nadu to fulfill the last wish of his grandfather: to have his ashes immersed in the Holy water of Rameshwaram. En route  he meets a woman hailing from a unique family down South. As they find love through this journey in the exuberant lands of South India  an unanticipated drive awaits them.
https://en.wikipedia.org/wiki/The_Lunchbox,Dabba,The film  set in Mumbai  revolves around a mistaken delivery by the Dabbawalas (lunchbox service) of Mumbai  which leads to a relationship between Saajan  a lonely widower close to retirement  and Ila  an unhappy housewife  as they start exchanging notes through the daily lunchbox.
https://en.wikipedia.org/wiki/Dhoom_3,Dhoom:3,The favourite Indian action franchise is back. This time Jai Dixit (Abhishek Bachchan) and Ali (Uday Chopra) return to match their wits with the enigmatic clown thief  Sahir (Aamir Khan)  who has the city of Chicago in his thrall. In this battle of revenge and dignity  the lines blur and the conventional definition of good and bad don't apply. Watch a spectacle that will thrill you and move you.
https://en.wikipedia.org/wiki/Agneepath_(2012_film),Agneepath,Agneepath is a story of revenge of Vijay Chauhan against an evil and sadistic Kaancha  who hangs Vijay's father to death. Vijay grows up with a single aim of avenging his father's death. The story revolves around Vijay Chauhan  his relationships with his family and above all  his Revenge.
https://en.wikipedia.org/wiki/Paan_Singh_Tomar_(film),Paan Singh Tomar,Paan Singh Tomar is a Hindi-language film  based on the true story of a runner employed by the Army and has won Gold medal at Indian National Games but forced to become notorious baaghi. It is directed by Tigmanshu Dhulia.
https://en.wikipedia.org/wiki/Kahaani,Kahaani,Kolkata is abuzz with the preparations for the annual Durga Puja festival  as seven months pregnant Vidya Bagchi steps off the airplane from London. Her first stop is the local police station to file a missing person report. Weeks ago  her husband Arnab arrived in India for a job assignment. The first two weeks  they talked daily on the phone  and then without explanation  his calls stopped. Everywhere Vidya turns  no one can remember Arnab. There is no trace of him at the guest house or his workplace. But Vidya will not give up her search. Somewhere in Kolkata she will discover the dangerous truth.
https://en.wikipedia.org/wiki/Vicky_Donor,Vicky Donor,Dr. Baldev Chaddha (Anu Kapoor)  a well qualified fertility expert  runs a fertility clinic and a sperm bank in Dariyaganj  New Delhi  that guarantees a high quality and specialized sperm for the purpose. Unfortunately he has more failed cases to his credit than successes. A healthy  high performing donor is the need of the hour. Vicky Arora (Ayushmann Khurrana)  a young  good-looking  Punjabi boy from Lajpat Nagar  is the only son and of no financial support to Dolly  a widow  who runs a small beauty parlor from home. As luck would have it  a small brawl in the colony brings Dr Chaddha and Vicky  face to face  where Chaddha  concludes that Vicky could be THAT donor he has been looking for. From here on  Chaddha's days and nights are spent in convincing Vicky to become a donor till he finally gives in. Vicky finds his love interest in Ashima Roy (Yami Gautam)  a pretty Bengali girl  who works in a Bank. But soon there hunky dory world comes crashing down because of Vicky's past as a ...
https://en.wikipedia.org/wiki/Gangs_of_Wasseypur,Gangs of Wasseypur,Shahid Khan is exiled after impersonating the legendary Sultana Daku in order to rob British trains. Now outcast  Shahid becomes a worker at Ramadhir Singh's colliery  only to spur a revenge battle that passes on to generations. At the turn of the decade  Shahid's son  the philandering Sardar Khan vows to get his father's honor back  becoming the most feared man of Wasseypur.
https://en.wikipedia.org/wiki/Gangs_of_Wasseypur_%E2%80%93_Part_2,Gangs of Wasseypur,Shahid Khan is exiled after impersonating the legendary Sultana Daku in order to rob British trains. Now outcast  Shahid becomes a worker at Ramadhir Singh's colliery  only to spur a revenge battle that passes on to generations. At the turn of the decade  Shahid's son  the philandering Sardar Khan vows to get his father's honor back  becoming the most feared man of Wasseypur.
https://en.wikipedia.org/wiki/Ek_Tha_Tiger,Ek Tha Tiger,In the dark world of intelligence and espionage  all information is guarded in the name of national security. But some stories escape the fiercely guarded classified files  stories that become legends. This is one such story  a story that shook the very foundation of this dark world. In a government employees' neighbourhood in New Delhi  there lived a rugged  handsome and mysterious bachelor about whom his neighbours knew nothing. That was because he was India's top spy  an officer with the Research and Analysis Wing (RAW)  India's external intelligence agency. This man was known even in official corridors as TIGER (Salman Khan). Tiger is sent on a relatively easy and safe mission to Dublin  Ireland to observe a scientist of Indian origin who is suspected of sharing his research findings with the Pakistan defence establishment. Tiger attempts to meet the scientist but is not successful. He tries to befriend the scientist's part time home caretaker  Zoya (Katrina Kaif). As Tiger begins...
https://en.wikipedia.org/wiki/Barfi!,Barfi!,Set in the 1970s in a pretty corner of India  Barfi. is the story of three young people who learn that love can neither be defined nor contained by society's norms of normal and abnormal. Barfi  a hearing and speech impaired boy falls in love with Shruti. In spite of her deep affection for Barfii  Shruti gives into societal and parental pressure to marry a 'normal' man and lead a 'normal' life. Many years later their paths cross once again when Barfi  now in love with Jhilmil  is on the run from the police. Barfi is desperately seeking Jhilmil  who has gone missing. Shruti's realization that Jhilmil is autistic makes her recognize that true love is really blind. Caught in a cat and mouse game  in the search for the girl Barfi loves  Shruti realizes that she is still in love with him.
https://en.wikipedia.org/wiki/Oh_My_God_(2012_film),OMG: Oh My God!,Kanji Lalji Mehta  though an atheist  owns a small shop selling religious goods  concocting cock-and-bull stories to extract higher fees from his customers for his wares. When  in openly defying God  an earthquake destroys his (and only his) only source of income  with the insurance company refusing to pay up on the basis of it being an 'act of God'  Kanjibhai takes God to the court. With many similarly unfortunate people pinning their hopes to him  Kanji's lack of courtroom experience may leave him unable to prove his point - that is  until approached by a man introducing himself as Krishna Vasudeva Yadav. Krishna helps Kanji win his case  his family and helps him find his faith in God  along the way showing how priests can turn religion into a business and that God can be found everywhere  particularly in a house of worship.
https://en.wikipedia.org/wiki/Jab_Tak_Hai_Jaan,Jab Tak Hai Jaan,Samar Anand  a hard working young immigrant in the city of London  glimpses upon the love of his life  a gorgeous angelic looking girl  (Katrina Kaif). They meet and their bond blossoms into love with time spent together. Samar however meets with a serious accident  and Meera vows to God she will leave Samar forever if he allowed him to live again  their love affair ends as quickly as it began. Samar angered with God and fueled with his love for Meera  declares War against Him. Samar Anand vows to walk into the jaws of death everyday as a challenge to God to keep him alive. He becomes Major Samar Anand in the Indian Army  a bomb disposal chief  defusing bombs without ever wearing a bomb suit. It is here that Major Samar also known as 'the man who cannot die' meets Akira (Anushka Sharma)  a spirited vibrant  'today's generation' Discovery Channel correspondent with a WTF attitude. Aware of Samar Anand's story  Akira is determined to unravel the mystery of love in this intriguing story ...
https://en.wikipedia.org/wiki/Talaash_(2012_film),Talaash,Seeing reflections of Mumbai under the red light  Talaash is a tale of love lost  fatal attraction and above all the quest to solve a perfect crime. Suspense at its core  Talaash explores Mumbai's underbelly like never before. Aamir Khan plays an investigation officer  Inspector Shekhawat who receives a phone call early in the morning informing him about death and an accident and how everything starts to unfold from there. The case turns into a life altering chase for Inspector Shekhawat when he is forced to reel under the repercussions of a broken married life with his wife Roshni played by Rani Mukherji and come face to face with his suppressed grief. Being on his investigational quest and fighting it out with personal struggle  Inspector Shekhawat meets a sex worker Rosie played by Kareena Kapoor who further adds shades of mystery to the puzzle. What looks like a simple car accident investigation turns into a haunting mystery as further investigations show many anomalies stringed ...
https://en.wikipedia.org/wiki/English_Vinglish,English Vinglish,The story of a quiet  sweet tempered housewife who endures small slights from her well educated husband and daughter everyday because of her inability to speak and understand English. She is resourceful and open-minded but somehow these traits don't get noticed by them. Then one day on a trip to visit her sister in Manhattan she decides to enroll in an English Learners class and meets a host of new people who teach her to value herself beyond the narrow perspective of her family.
https://en.wikipedia.org/wiki/Delhi_Belly_(film),Delhi Belly,Delhi-based Sonia agrees to deliver a package for Vladimir Dragunsky and asks her rather unkempt and debt-ridden fiancé  Tashi Malhotra  to do it for her. Tashi  in turn  asks one of two of his room-mates  Nitin. But Nitin forgets to do so due to an upset stomach ailment commonly known as 'Delhi Belly' as well as his plan to blackmail their landlord  Manish and asks the third roommate Arup to deliver the package. A gangster  Somayajulu  who was the recipient of this package  starts by brutally questioning Vladimir  and finds out that the package may be in the possession of the trio. While Tashi must deal with his attraction for Journalist Menaka and incur the wrath of her husband  Rajiv  he still has to fully come to terms whether or not he wants to marry Sonia. And the entry of ruthless Somayajulu and his gang seriously jeopardizes any plans Tashi and his friends may have for the future.
https://en.wikipedia.org/wiki/Zindagi_Na_Milegi_Dobara,Zindagi Na Milegi Dobara,Three friends decide to turn their fantasy vacation into reality after one of their friends gets engaged.
https://en.wikipedia.org/wiki/Bodyguard_(2011_Hindi_film),Bodyguard,Reading from a diary  a lad comes to know about a nobleman from Jaisinghpur  Sartaj Rana  who invited the wrath of the Mhatre brothers  Ranjan and Vikrant  by sending Lovely Singh to free abducted women bound for Thailand. Feeling threatened  he hires Lovely as a bodyguard for his collegian daughter  Divya  and her friend  Maya. Divya does not appreciate being followed around by Lovely and creates a fictional woman  Chhaya  who distracts him by repeatedly phoning him and telling him that she loves him. Lovely believes this person to be real and falls in love. In a bar  Ranjan's brother attacks Divya and is killed by Lovely - setting into motion a chain of events that will pit Lovely not only against the enraged Mhatre brothers but also against Sartaj himself  who believes that Lovely is attempting to elope with his daughter.
https://en.wikipedia.org/wiki/Ra.One,Ra.One,Following his son's suggestion  Shekhar designs an action-adventure video game where the antagonist is more powerful than the protagonist. The player has to fight in the first two levels to reach the third one where whoever fires the bullet first wins. The game is well-received on its opening night  but things go wrong when Prateek stops playing and quits the game in between  only to invite the wrath of Ra.One  the game's villain who uses an advanced technology to take on physical form. He wants to destroy Prateek  something only the game's protagonist  G.One  can prevent from happening.
https://en.wikipedia.org/wiki/Rockstar_(2011_film),Rockstar,"The film follows Janardhan Jhakar in a series of flashbacks and flash forwards  how the small collage boy became an international rock sensation ""Jordan"". To chase his dreams of a rockstar  the wanna-be singer his counseled that music and feelings only come with pain. In the process of which  he meets Heer  a tough on the outside and popular college girl  the both become friends  and as time passes by his dreams of music fade away as they spend time together. When heer moves away  Janardhan is thrown out of his house because of family misunderstandings. As he bides his time at a local mosque  his passion for music comes back to life. He is soon signed by a record label  where he makes more enemies than friends  his tour takes him to Prague  where he is reunited with a married Heer. Things go awry when the two share an intimate moment  and Jordan his deported to India on trespassing charges filed by Heer's husband. Now an angry painful and lonely JORDAN embarks on his journey to become..."
https://en.wikipedia.org/wiki/My_Name_Is_Khan,My Name Is Khan,Rizwan Khan  a Muslim from the Borivali section of Mumbai  suffers from Asperger's syndrome  a form of high-functioning autism that complicates socialization. The adult Rizwan marries a Hindu single mother  Mandira  in San Francisco. After 9/11  Rizwan is detained by authorities at LAX who mistake his disability for suspicious behavior. Following his arrest  he meets Radha  a therapist who helps him deal with his situation and his affliction. Rizwan then begins a journey to meet US President Bush to clear his name.
https://en.wikipedia.org/wiki/Don_2:_The_Chase_Continues,Don 2,Having conquered the Asian underworld  Don (Shah Rukh Khan) now has his sights set on European domination. In his way are the bosses of the existing European underworld and all law enforcement agencies. The action shifts from Kuala Lumpur to Berlin as Don must avoid assassination or arrest  whichever comes first  in order for his plan to succeed.
https://en.wikipedia.org/wiki/Udaan_(2010_film),Udaan,After being abandoned for eight straight years in boarding school  Rohan returns to the small industrial town of Jamshedpur and finds himself closeted with an authoritarian father and a younger half brother who he didn't even know existed. Forced to work in his father's steel factory and study engineering against his wishes  he strives to forge his own life out of his given circumstances and pursue his dream of being a writer.
https://en.wikipedia.org/wiki/Dabangg,Dabangg,"Set in Uttar Pradesh  Chulbul Pandey is a young boy who lives with his mother Naini  stepfather Prajapati  and younger half-brother Makkhi. Chulbul is constantly angry that his step-father is always partial towards his own biological son. 21 years later  Chulbul is a rowdy  mischievous  and sometimes crooked cop  who refers to himself as ""Robin Hood."" He does everything in his own indomitable way; whether it's dealing with corrupt politician and thug Chedi Singh  fighting a family feud  or romancing stunning Rajo."
https://en.wikipedia.org/wiki/3_Idiots,3 Idiots,Farhan Qureshi and Raju Rastogi want to re-unite with their fellow collegian  Rancho  after faking a stroke aboard an Air India plane  and excusing himself from his wife - trouser less - respectively. Enroute  they encounter another student  Chatur Ramalingam  now a successful businessman  who reminds them of a bet they had undertaken 10 years ago. The trio  while recollecting hilarious antics  including their run-ins with the Dean of Delhi's Imperial College of Engineering  Viru Sahastrabudhe  race to locate Rancho  at his last known address - little knowing the secret that was kept from them all this time.
https://en.wikipedia.org/wiki/Wake_Up_Sid,Wake Up Sid,In Mumbai  Sid Mehra is  in the words of his father  an arrogant  spoiled brat. He lives with a doting mother  subservient brother  and a father who covers his expenses and credit card bills. Sid takes his college finals then starts work at his father's business; he lasts less than a week before walking out. At a graduation party  he meets Aisha  newly arrived from Calcutta and set on becoming a writer. He shows her the city and helps her refurbish a rented flat. He asks if she'd like to progress from friend to something more  but she says no: he lacks ambition and isn't her type. Will her words  his exam results  a confrontation with his parents  and a break with his friends be enough to wake Sid up?
https://en.wikipedia.org/wiki/Rab_Ne_Bana_Di_Jodi,Rab Ne Bana Di Jodi,Have you ever stopped to think if the most ordinary  uninteresting  unobtrusive man you might see on the road or around you might have a love story to tell? Maybe not. How can an ordinary man have a breathtaking  goose flesh igniting  awe inspiring love story of all things to tell? This is what happened to Surinder Sahni (Shahrukh Khan) - a simple  clean hearted  honest man  leading a humdrum life  when he meets his total opposite and finds love in the flamboyant  fun-loving  vivacious - Taani (Anushka Sharma) for whom the whole world is her canvas and she paints her own life with the colours of rainbow all until unforeseen circumstances changes it all and brings them together. What follows is a journey filled with laughter  tears  joy  pain  music  dance and a lot of love. A journey that makes us believe that there is an extraordinary love story in every ordinary jodi (couple).
https://en.wikipedia.org/wiki/Ghajini_(2008_film),Ghajini,Medical student  Sunita  is driven by curiosity to study the case of Sanjay Singhania  who is afflicted with short-term memory loss. She runs into him  befriends him  and finds out that he is out to kill a seemingly benevolent citizen  Ghajini Dharmatma. After warning the latter of the impending danger  she subsequently comes across a number of diaries written by Sanjay and attempts to put together a jigsaw puzzle as to how a successful and wealthy businessman became a crazed recluse  who re-lives his past through tattoos on his body  notes and Polaroid photographs on the wall of his Hiranandani Complex flat  and his sole obsession of carrying out his deadly mission - little knowing that Ghajini and his goons are out to erase every bit of evidence he has gathered and thus ensure that he ends up remembering nothing.
https://en.wikipedia.org/wiki/Jodhaa_Akbar,Jodhaa Akbar,Jodhaa Akbar is a sixteenth century love story about a marriage of alliance that gave birth to true love between a great Mughal Emperor  Akbar and a Rajput princess  Jodhaa. Politically  success knew no bounds for Emperor Akbar  After having secured the Hindu Kush  he furthered his realm by conquest until his empire extended from Afghanistan to the Bay of Bengal  and from the Himalayas to the Godhavari River. Through a shrewd blend of tolerance  generosity and force  Akbar won the allegiance of the Rajputs  the most belligerent Hindus. But little did Akbar know that when he married Jodhaa  a fiery Rajput princess  in order to further strengthen his relations with the Rajputs  he would in turn be embarking upon a new journey - the journey of true love. The daughter of King Bharmal of Amer  Jodhaa resented being reduced to a mere political pawn in this marriage of alliance  and Akbar's biggest challenge now did not merely lie in winning battles  but in winning the love of Jodhaa - a ...
https://en.wikipedia.org/wiki/Chak_De!_India,Chak De! India,Kabir Khan (Shahrukh Khan) knows what it's like to come back from the dead. The ex Indian Captain has now come back in the avatar of the Coach of the Indian Women's National Hockey team. A team that exists more on paper and less in reality. The team is a rag-tag bunch of girls with their own agenda. A bunch of girls who have forgotten what it is like to play for the love of the game. Of playing because you want glory for your country. Not because you want a pensioned job or a government flat. They have all forgotten the sharp thrill of just holding the hockey stick  keeping their eyes on the ball and playing for all they are worth. They have played every game but hockey to make sure they get selected every year in the Indian National team. But what does it really mean to play for the Indian National team? To play for India? The girls have never known the thrilling energy of being Team India. Of giving their all to see their country's name on a trophy. But Kabir Khan  once a captain  ...
https://en.wikipedia.org/wiki/Guru_(2007_film),Guru,A school-teacher in India sires a son named Gurukant  but is disappointed as the child fails to live up to his high expectations. When Gurukant grows up  he is unable to secure decent employment in India  so finds a way to go to Turkey  where he finds employment. When he returns back to India  he wants to start his own business  but is unable to do so  as he does not have enough money. So he does some research  gets to meet Sujata  the daughter of a wealthy man named Jignesh  and marries her. After the marriage  Gurukant finds out that Sujata has a dark past  but he ignores this - for his one motive is to be to rise in the eyes of his father - and get rich.
https://en.wikipedia.org/wiki/Jab_We_Met,Jab We Met,Depressed after the passing of his father (Dharamraj) and a ditching by his gorgeous girlfriend  Mumbai-based businessman Aditya Kashyap takes a BEST bus  goes to the Chatrapati Shivaji Train Terminus  and boards a train. There he meets Geet Kaur Dhillon  who is returning home to Bhatinda  and who pays for his ticket. At Bar Nagar  he decides to leave  but she follows him  missing her train. They manage to get a ride to Ratlam  miss the train again  but eventually make it to Bhatinda. Once there  he gets to meet her family  her pretty sister Roop as well as her to-be betrothed  Manjeet Singh Mann. Before the engagement can be finalized  she manages to convince her fiancé that she wants to marry Aditya. Before Aditya can take stock of these new developments  she elopes with him - not to get married but to re-locate to Manali where her true love  Anshuman  awaits  and to whom she hopes to get married.
https://en.wikipedia.org/wiki/Om_Shanti_Om,Om Shanti Om,Om Prakash Makhija is a Junior Artist in the 1970's hindi film industry  who is in love with actress Shantipriya. Om rescues Shanti from a fire scene where the fire has escaped control  and they become friends. His hopes seems to be coming true  but shortly thereafter he finds out that she is married to a film producer  Mukesh Mehra  and is expecting his child. He then watches in horror as Mukesh  after luring her in an abandoned studio  sets it on fire to prevent a financial loss and protect his career. Om attempts to rescue her in vain  and he eventually is killed. 30 years later  Om has reincarnated as the only son of a Bollywood actor  Rajesh Kapoor  and is himself an actor. His memories start to return when he meets with his widowed mother  Bela  from his previous birth. He also meets with Mukesh and together they decide to make a movie 'Om Shanti Om'. Om then hires a look-alike of Shantipriya  and hopes to force a confession out of Mukesh - but things go awry and Om finds his ...
https://en.wikipedia.org/wiki/Taare_Zameen_Par,Taare Zameen Par,Ishaan Awasthi is an eight-year-old child whose world is filled with wonders that no one else seems to appreciate; colours  fish  dogs and kites are just not important in the world of adults  who are much more interested in things like homework  marks and neatness. And Ishaan just cannot seem to get anything right in class. When he gets into far more trouble than his parents can handle  he is packed off to a boarding school to 'be disciplined'. Things are no different at his new school  and Ishaan has to contend with the added trauma of separation from his family. One day a new art teacher bursts onto the scene  Ram Shankar Nikumbh  who infects the students with joy and optimism. He breaks all the rules of 'how things are done' by asking them to think  dream and imagine  and all the children respond with enthusiasm  all except Ishaan. Nikumbh soon realizes that Ishaan is very unhappy  and he sets out to discover why. With time  patience and care  he ultimately helps Ishaan find ...
https://en.wikipedia.org/wiki/Dhoom_2,Dhoom:2,The world's oldest desert  the Namib - A solitary railway line - A royal family on a royal journey. From the sky - like lightening - A flash - the centuries old royal crown is stolen. Back in action - DHOOM:2 reinvents the action comedy genre and propels it into the 21st century. Ali's (Uday Chopra) dream of becoming a police officer has come true. He is now ACP Jai Dixit's (Abhishek Bachchan) right hand man. Together they are trying to keep a tight leash on the crime in India  little do they know what they are going to be up against. Enter Aryan - Mr.A (Hrithik Roshan) A high tech international thief after pulling off a series of impossible heists all over the world. His next target is Mumbai  India. The case is given to ACP Jai Dixit and Ali helping them put the pieces of the puzzle together is ACP Shonali Bose (Bipasha Basu). For the last two years Shonali has been tracking these amazing thefts and is now an expert on this thief  who no one has seen. Once in Mumbai Mr.A finds his ...
https://en.wikipedia.org/wiki/Don_(2006_Hindi_film),Don,In 2006  the drug trade is booming; trafficking between Asian and Europe is at an all time high. It is at this time that the Malaysian intelligence and Anti-Narcotic department are called upon for assistance by their Indian counterparts. There are rumors that the gang recently moved their operational headquarters. The cartel is headed by the dreaded Singhania  but what many people do not know is that the business is truly managed by his lieutenant  Don. A man who lives life on the edge  Don is constantly expanding the size of his empire while evading arrest or death at the hands of his enemies  both within and outside the law. He is unstoppable in his pursuit of absolute power. His chief pursuer is an Indian police officer  Desilva. He is a man who has sworn to put an end to this nexus of evil and knows that in capturing Don lies the key to unlock this puzzle. And one day he succeeds. Don is captured and Desilva puts his plan into action. Unknown to even his own department  Pesilva ...
https://en.wikipedia.org/wiki/Fanaa_(2006_film),Fanaa,Choices - to choose between right or wrong is simple  but what defines one's life is the decision between the greater of two goods or the lesser of two evils. This is the advice that Zooni Ali Beg (Kajol) receives from her father just as she is about to venture out into the world of her own for the very first time. Little does she know that these very words will shape her life. Zooni  a blind Kashmiri girl  meets Rehan Qadri (Aamir Khan)  a local Delhi tour guide and an incorrigible flirt. Her friends warn her against this good-for-nothing roadside Romeo  but she chooses to ignore them. It is now her time to discover life and love. Is this really the right choice? Rehan is fascinated by Zooni and wants her to see life as it should be seen  in its many colours. He promises her that the time spent with him will be the most precious in all her life. Zooni sees Delhi  life and love like she never has before  because of Rehan. What Zooni doesn't know is that Rehan has another side of his ...
https://en.wikipedia.org/wiki/Khosla_Ka_Ghosla,Khosla Ka Ghosla!,K.K. Khosla (Anupam Kher) is a middle class man living in New Delhi. He is a simple man with simple tastes. The plot starts with a scene where Khosla dreams about his death. The irony is that nobody cares about his death; instead his children & neighbours are more interested in their materialistic needs. One early morning in Delhi  Khosla wakes up and plans to go to the site where he has purchased a plot to build his house. He is accompanied by his wife  eldest son Bunty (Ranvir Shorey)  second son Chironji Lal Khosla (Parvin Dabas)  and his daughter. When they reach the spot they find that the site has been occupied by someone else and on further investigation find that it has been captured by a property usurping nexus headed by a man named Kishan Khurana (Boman Irani). Khurana demands Rs. 15 lakhs to vacate the plot  which Khosla refuses to give. Bunty gathers few local strongmen and forcefully destroys the walls and re-occupies the plot. But Khurana has the police on his side and ...
https://en.wikipedia.org/wiki/Lage_Raho_Munna_Bhai,Lage Raho Munna Bhai,A hilarious underworld gangster known as Munna Bhai falls comically in love with a radio host by the name of Jahnvi  who runs an elders' home  which is taken over by an unscrupulous builder  who gets the residents kicked out ironically with the help of Munna's sidekick  Circuit  while Munna is busy romancing Jahnvi elsewhere. Munna  who is now masquerading as a Professor specializing in the life of Mahatma Gandhi  must now battle his very own forces and the builder - but he has one ally on his side - none other than the great man - Mahatma Gandhi himself. Only trouble is that Munna may have problems convincing everyone about this presence - as he is apparently is the only one who can see and hear him.
https://en.wikipedia.org/wiki/Rang_De_Basanti,Rang De Basanti,Sue comes to India to make a film on Indian revolutionaries.She is helped by her friend Sonia who introduces her to her friends Karan Aslam Sukhi and their head DJ.Sonia's fiance Lt Ajay Rathod also joins the gang when in town.Their gang always gets in trouble with a political member Laxman who opposes their western culture.After many auditions Sue decides to caste DJ and his friend's in her film.She also casts Laxman in a role thus ending his feud with the gang.All things are going well until Ajay dies in plane crash but manages to save everyone on board.The state minister declares that Ajay died due to his own negligence .DJ an his friends can't take shame given to Ajay by minister and decide to fight for justice.Where things will take ugly events due to political games.
https://en.wikipedia.org/wiki/Black_(2005_film),Black,Based in Simla  the McNallys are an Anglo-Indian family consisting of Paul and his wife  Catherine. Both are full of joy when Catherine gives birth to a baby girl  Michelle  but their joy is short-lived when they are told that Michellle cannot see nor hear. Both attempt to bring up Michelle in their own protective way  as a result Michelle is not exposed to the real world  and becomes increasingly violent and volatile. Things only get worse when Catherine gives birth to Sara  and Paul considers admitting Michelle in an asylum. It is here that Debraj Sahai enters their lives. Through his eager involvement  Michelle blossoms  grows  gives up her violence  even gets admitted in school with normal children. The years pass by  Michelle does not succeed in getting her graduation  and it is time for Debraj to bid adieu as he is having his own health problems. 12 years later  at the age of 40  Michelle does succeed in graduating in Arts  and it is shortly thereafter she will be re-united with...
https://en.wikipedia.org/wiki/Veer-Zaara,Veer-Zaara,Squadron Leader Veer Pratap Singh (Shah Rukh Khan) is a rescue pilot with the Indian Air Force. In the line of duty he comes across a stranded Zaara (Preity Zinta) - a girl from Pakistan who has come to India to fulfill her surrogate mothers dying wish. Veer saves her life and his life is never the same again. Twenty two years later Saamia Siddiqui (Rani Mukerji)  a Pakistani human rights lawyer on her first case  finds herself face to face with an ageing Veer Pratap Singh. He has languished in a Pakistan jail cell for 22 years and has not spoken to anyone all these years. And no one knows why. Her mission is to discover the truth about Veer and see to it that justice is served. VEER-ZAARA is a saga of love  separation  courage and sacrifice. A love that is divine  a love that is whole-hearted  a love that is completely consuming  a love that grows with separation and deepens with sacrifice. A love that is an inspiration - and will remain a legend forever.
https://en.wikipedia.org/wiki/Main_Hoon_Na,Main Hoon Na,When India and Pakistan decide to end their hostilities  there is one army person in India who is unhappy  because of his son's death in the Indo-Pak war. He decides to launch terror attacks and bring an end to peace  and for this purpose he shoots and gravelly injures an Indian army officer. After the death of this officer  Raghavan then decides to do away with the army officer's daughter  Sanjana  who is studying in hostel. Raghavan and his men descend on the hostel and hold over 100 students hostage. There is only one student who can save them  and his name is Ram  he claims he is a student  but is here on a mission - a mission that when told will reveal his real identity and two plans which he must carry out simultaneously.
https://en.wikipedia.org/wiki/Swades,Swades: We the People,"Set in modern day India  Swades is a film that tackles the issues that development throws up on a grass root level. It is to this India  which is colorful  heterogeneous and complex that Mohan Bhargava (Shah Rukh Khan)  a bright young scientist working as a project manager in NASA  returns to on a quest to find his childhood nanny. The film uses the contrast between the highly developed world of NASA  which has been at the forefront of advances in space research  and this world back home in India  which is at the crossroads of development. Mohan's simple quest becomes the journey that every one of us goes through in search of that metaphysical and elusive place called ""home""."
https://en.wikipedia.org/wiki/Kal_Ho_Naa_Ho,Kal Ho Naa Ho,The film's female lead  Naina (Preity Zinta) narrates the story. Her father had committed suicide years ago which left a deep impact on her heart. Her family is dysfunctional since her mother and grandmother just cannot stop arguing. But when Aman (Shahrukh Khan) arrives next door  the whole gloomy conditions change. Aman infuses life in skeptical and overtly serious Naina  and she falls in love with him. But Aman knows that he cannot marry Naina because of a secret which he cannot divulge to her. So he intends upon setting her up with her best pal Rohit (Saif Ali Khan).
https://en.wikipedia.org/wiki/Munna_Bhai_M.B.B.S.,Munna Bhai M.B.B.S.,In India gangsters are called Bhai (brothers). One such Bhai is Munna  who is feared by everyone in Mumbai  a big city in India. He cons his village-based parents into believing that he is a doctor. He gets a shock when he finds out that they are coming to verify for themselves. So he transforms a rooming shanty house into a makeshift hospital  populated by patients  people he beats up. His parents arrive  are pleased  and happy that their son is well settled. They would like him to get married to a doctor's daughter. The marriage is arranged  but before the engagement  the bride's father finds out the truth about Munna  and cancels the marriage. Munna's humiliated parents see the truth for themselves  and hurt  they return home  leaving Munna with a strong desire to hurt the doctor - and force him to let his daughter get married to him - even if it means getting admitted in the medical college - with forged documents!!!
https://en.wikipedia.org/wiki/Devdas_(2002_Hindi_film),Devdas,Devdas Mukherji is black-listed by his multi-millionaire Zamindar father  Narayan. After completing 10 years of study; Devdas return to his home-town where his family prepares to welcome him but their happiness changes when Devdas prefers to visit his childhood sweetheart  Parvati alias Paro before paying respect to his mother. After so much years Devdas finds he is still the black spot in his father's life especially when he is prevented from marrying Paro who happen to be a lower-caste girl. Eventually time passes with Paro's family arranging her marriage to a much elderly man named Bhuvan Choudhry where she is introduce to Bhuvan's children - who happen to be within her age group. This sadness not only breaks Devdas heart but confines him to alcohol in a big way. Soon Devdas starts to frequent a brothel and catches the eyes of a courtesan named Chandramukhi - step by step Devdas starts to head towards a path of self destruction.
https://en.wikipedia.org/wiki/Kabhi_Khushi_Kabhie_Gham...,Kabhi Khushi Kabhie Gham...,Yashvardhan Raichand lives a very wealthy lifestyle along with his wife  Nandini  and two sons  Rahul and Rohan. While Rahul has been adopted  Yashvardhan and Nandini treat him as their own. When their sons mature  they start to look for suitable brides for Rahul  and decide to get him married to a young woman named Naina. When Rahul is told about this  he tells them that he loves another woman by the name of Anjali Sharma. Yashvardhan decides to meet with the Sharma family  and finds out that they are middle-classed  unsophisticated  and will not be able to it into his family circle  as a result he refuses to permit Rahul to marry Anjali. A defiant Rahul decides to leave  gets married to Anjali  without his foster parents blessings  and re-locates to London  England  where Anjali's unmarried sister  Pooja  also lives. Rohan  who was studying in a hostel  returns home to find that Rahul is no longer living with them  and he also discovers that while outwardly his dad is not interested...
https://en.wikipedia.org/wiki/Lagaan,Lagaan: Once Upon a Time in India,This is the story about the resilience shown by the Indians when they were under the British Rule. They are already taxed to the bone by the British and their cronies  but when Jack Russell announces that he will double the Lagaan (tax) from all villagers  they decide to oppose it. Leading the villagers is a handsome young man named Bhuvan  who challenges them to a game of cricket  a game that is to be played by veteran British cricket players  versus villagers  including Bhuvan himself  who have never played this game before  and do not even know a bat from a piece of wood. As the challenge is accepted  the interest grows and attracts Indians from all over the region  as well as the British from all over the country - as everyone gathers to see the 'fair play' that the British will display against their counter-parts  who are aided by none other than the sister  Elizabeth  of Captain Rusell.
https://en.wikipedia.org/wiki/Lagaan:_Once_Upon_a_Time_in_India,Lagaan: Once Upon a Time in India,This is the story about the resilience shown by the Indians when they were under the British Rule. They are already taxed to the bone by the British and their cronies  but when Jack Russell announces that he will double the Lagaan (tax) from all villagers  they decide to oppose it. Leading the villagers is a handsome young man named Bhuvan  who challenges them to a game of cricket  a game that is to be played by veteran British cricket players  versus villagers  including Bhuvan himself  who have never played this game before  and do not even know a bat from a piece of wood. As the challenge is accepted  the interest grows and attracts Indians from all over the region  as well as the British from all over the country - as everyone gathers to see the 'fair play' that the British will display against their counter-parts  who are aided by none other than the sister  Elizabeth  of Captain Rusell.
https://en.wikipedia.org/wiki/Dil_Chahta_Hai,Dil Chahta Hai,Three young men Akash  Sameer  and Siddharth are close friends  but their tastes and characters are completely incompatible. So when Siddharth falls in love with a much older woman  Tara  a woman who has been unsuccessful in keeping her marriage intact as well as alcohol-dependent  widens the rift between the trio  forcing them to part company. Years later  the trio will be re-united  they will be much mature and understanding  but will they still accept Siddharth love for Tara  especially when they themselves have fallen in love with women around their respective ages?
